,Population,GDP,Surface Area,HDI,Continent,Language,GDP per Capita
France,63.951,2833687.0,640679.0,0.888,Europe,English,44310.28443652171
Germany,80.94,3874437.0,357114.0,0.916,Europe,English,47868.0133432172
Italy,60.665,2167744.0,301336.0,0.873,Europe,English,35733.025632572324
Japan,127.061,4602367.0,377930.0,0.891,Asia,English,36221.712405852304
United Kingdom,64.511,2950039.0,242495.0,0.907,Europe,English,45729.239974577984
United States,318.523,17348075.0,9525067.0,0.915,America,English,54464.1203304
china,1400000000.0,,,,Asia,,
